{
  "$schema": "http://schema.management.azure.com/schemas/2015-01-01/deploymentParameters.json#",
  "contentVersion": "1.0.0.0",
  "parameters": {
    "tomcatadminuser": {
      "value": "vmadmin"
    },
       "tomcatadminpwd": {
      "value": "P2ssw0rd"
    },
    "mysqlpassword": {
      "value": "password"
    },
     "location": {
      "value": "West US"
    },
    "vmInstanceName": {
      "value": "vstsjlarmrm1"
    },
    "adminUserName": {
      "value": "vmadmin"
    },
    "adminPassword": {
      "value": "P2ssw0rd"
    }
  }
}
