{
  "itemDisplayName": "Deploy Ubuntu VM with Open JDK and Tomcat",
  "description": "This template allows you to create a Ubuntu VM with OpenJDK and Tomcat. Currently custom script file is pulled temporarily from https://raw.githubusercontent.com/snallami/templates/master/ubuntu/java-tomcat-install.sh. Once the VM is successfully provisioned, tomcat installation can be verified by accessing the link http://<FQDN name or public IP>:8080/ ",
  "summary": "Deploy Ubuntu VM with Open JDK and Tomcat",
  "githubUsername": "snallami",
  "dateUpdated": "2015-04-06"
}